"State","County","Year","Days with AQI","Good Days","Moderate Days","Unhealthy for Sensitive Groups Days","Unhealthy Days","Very Unhealthy Days","Hazardous Days","Max AQI","90th Percentile AQI","Median AQI","Days CO","Days NO2","Days Ozone","Days SO2","Days PM2.5","Days PM10"
"Alabama","DeKalb",2021,58,58,0,0,0,0,0,49,42,32,0,0,58,0,0,0
"Alabama","Jefferson",2021,60,33,27,0,0,0,0,93,64,50,1,1,2,0,55,1
"Alaska","Denali ",2021,59,59,0,0,0,0,0,43,41,39,0,0,59,0,0,0
"Arizona","Apache",2021,87,87,0,0,0,0,0,25,19,11,0,0,0,0,1,86
"Arizona","Cochise",2021,90,77,12,1,0,0,0,104,54,41,0,0,48,0,0,42
"Arizona","Coconino",2021,89,87,2,0,0,0,0,51,45,41,0,0,89,0,0,0
"Arizona","Gila",2021,90,76,14,0,0,0,0,80,58,44,0,0,77,8,0,5
"Arizona","La Paz",2021,90,85,5,0,0,0,0,61,49,42,0,0,90,0,0,0
"Arizona","Maricopa",2021,120,6,22,21,33,38,0,272,217,166,0,1,95,0,8,16
"Arizona","Mohave",2021,90,90,0,0,0,0,0,46,22,12,0,0,0,0,0,90
"Arizona","Navajo",2021,90,90,0,0,0,0,0,45,43,35,0,0,59,0,0,31
"Arizona","Pima",2021,90,57,28,5,0,0,0,128,72,45,0,0,0,0,0,90
"Arizona","Pinal",2021,120,84,36,0,0,0,0,90,67,47,0,0,109,0,0,11
"Arizona","Santa Cruz",2021,90,47,42,0,1,0,0,166,76,47,0,0,0,0,63,27
"Arizona","Yavapai",2021,57,50,7,0,0,0,0,64,51,44,0,0,57,0,0,0
"Arizona","Yuma",2021,90,74,16,0,0,0,0,94,58,44,0,0,61,0,8,21
"Arkansas","Arkansas",2021,30,28,2,0,0,0,0,56,44,28,0,0,0,0,30,0
"Arkansas","Ashley",2021,28,27,1,0,0,0,0,51,43,30,0,0,0,0,28,0
"Arkansas","Clark",2021,58,57,1,0,0,0,0,54,37,30,0,0,58,0,0,0
"Arkansas","Crittenden",2021,90,80,10,0,0,0,0,62,52,33,0,5,46,0,39,0
"Arkansas","Garland",2021,29,26,3,0,0,0,0,52,51,27,0,0,0,0,29,0
"Arkansas","Jackson",2021,28,26,2,0,0,0,0,56,47,28,0,0,0,0,28,0
"Arkansas","Newton",2021,90,89,1,0,0,0,0,51,46,34,0,0,90,0,0,0
"Arkansas","Polk",2021,90,86,4,0,0,0,0,64,47,36,0,0,81,0,9,0
"Arkansas","Pulaski",2021,91,67,24,0,0,0,0,100,56,40,1,6,23,0,61,0
"Arkansas","Union",2021,25,22,3,0,0,0,0,54,51,32,0,0,0,0,25,0
"Arkansas","Washington",2021,90,80,10,0,0,0,0,81,51,36,0,0,62,0,28,0
"California","Colusa",2021,108,108,0,0,0,0,0,47,29,13,0,0,0,0,108,0
"California","Fresno",2021,59,39,19,0,0,1,0,278,71,37,0,0,34,0,22,3
"California","Imperial",2021,34,32,2,0,0,0,0,53,45,31,0,0,0,0,34,0
"California","Inyo",2021,120,120,0,0,0,0,0,48,42,29,0,0,56,0,30,34
"California","Kern",2021,32,8,13,10,1,0,0,152,143,92,0,0,0,0,30,2
"California","Kings",2021,120,103,17,0,0,0,0,77,53,35,0,0,69,0,0,51
"California","Mariposa",2021,59,58,1,0,0,0,0,67,44,40,0,0,59,0,0,0
"California","Merced",2021,2,2,0,0,0,0,0,18,18,18,0,0,0,0,0,2
"California","Monterey",2021,91,89,2,0,0,0,0,67,44,37,1,0,78,0,11,1
"California","Nevada",2021,120,112,8,0,0,0,0,62,48,38,0,0,64,0,56,0
"California","Plumas",2021,120,26,76,18,0,0,0,133,115,65,0,0,0,0,120,0
"California","Riverside",2021,90,65,22,1,2,0,0,196,68,43,0,0,65,0,5,20
"California","Sacramento",2021,32,15,17,0,0,0,0,92,80,53,1,0,6,0,25,0
"California","San Benito",2021,90,89,1,0,0,0,0,61,43,37,0,0,88,0,1,1
"California","San Bernardino",2021,58,55,3,0,0,0,0,51,46,40,0,0,58,0,0,0
"California","Santa Barbara",2021,32,29,3,0,0,0,0,53,49,39,1,0,16,0,14,1
"California","Santa Cruz",2021,90,81,9,0,0,0,0,73,53,36,0,0,65,0,25,0
"California","Shasta",2021,59,57,2,0,0,0,0,54,45,39,0,0,59,0,0,0
"California","Solano",2021,3,3,0,0,0,0,0,10,10,5,0,0,0,0,0,3
"California","Stanislaus",2021,2,2,0,0,0,0,0,22,22,22,0,0,0,0,0,2
"California","Tehama",2021,2,2,0,0,0,0,0,4,4,4,0,0,0,0,0,2
"California","Tulare",2021,59,59,0,0,0,0,0,48,44,33,0,0,59,0,0,0
"California","Ventura",2021,90,77,12,1,0,0,0,117,54,42,0,0,76,0,10,4
"California","Yolo",2021,6,6,0,0,0,0,0,21,21,6,0,0,0,0,0,6
"Colorado","Adams",2021,89,79,10,0,0,0,0,73,52,37,2,32,25,0,3,27
"Colorado","Arapahoe",2021,54,50,4,0,0,0,0,86,44,35,0,0,28,0,26,0
"Colorado","Archuleta",2021,54,53,1,0,0,0,0,51,42,35,0,0,30,0,0,24
"Colorado","Boulder",2021,54,48,5,1,0,0,0,116,55,33,0,0,27,0,25,2
"Colorado","Clear Creek",2021,54,51,3,0,0,0,0,54,48,45,0,0,54,0,0,0
"Colorado","Denver",2021,99,67,31,1,0,0,0,109,69,43,0,36,4,0,56,3
"Colorado","Douglas",2021,53,50,3,0,0,0,0,69,43,30,0,0,27,0,26,0
"Colorado","El Paso",2021,61,61,0,0,0,0,0,46,44,39,0,0,59,0,0,2
"Colorado","Fremont",2021,5,5,0,0,0,0,0,19,19,9,0,0,0,0,0,5
"Colorado","Garfield",2021,90,90,0,0,0,0,0,49,43,36,0,0,90,0,0,0
"Colorado","Gilpin",2021,31,31,0,0,0,0,0,46,44,42,0,0,31,0,0,0
"Colorado","Gunnison",2021,59,59,0,0,0,0,0,50,46,44,0,0,59,0,0,0
"Colorado","Jefferson",2021,59,59,0,0,0,0,0,46,44,41,0,4,55,0,0,0
"Colorado","La Plata",2021,59,59,0,0,0,0,0,49,45,41,0,2,57,0,0,0
"Colorado","Larimer",2021,59,58,1,0,0,0,0,61,49,45,0,0,59,0,0,0
"Colorado","Mesa",2021,93,93,0,0,0,0,0,49,44,38,0,0,88,0,0,5
"Colorado","Montezuma",2021,90,89,1,0,0,0,0,51,44,42,0,0,90,0,0,0
"Colorado","Pitkin",2021,8,8,0,0,0,0,0,9,9,8,0,0,0,0,0,8
"Colorado","Prowers",2021,58,56,0,1,0,0,1,576,34,14,0,0,0,0,0,58
"Colorado","Pueblo",2021,25,25,0,0,0,0,0,49,40,16,0,0,0,0,20,5
"Colorado","Rio Blanco",2021,59,56,3,0,0,0,0,53,43,39,0,0,50,0,9,0
"Colorado","Routt",2021,52,51,1,0,0,0,0,51,32,14,0,0,0,0,0,52
"Colorado","San Miguel",2021,21,20,1,0,0,0,0,51,24,6,0,0,0,0,0,21
"Colorado","Weld",2021,69,66,2,0,1,0,0,160,43,31,1,9,44,0,15,0
"Connecticut","Windham",2021,58,58,0,0,0,0,0,43,40,33,0,0,58,0,0,0
"Country Of Mexico","BAJA CALIFORNIA NORTE",2021,90,18,44,16,12,0,0,166,153,80,0,0,0,0,90,0
"Florida","Indian River",2021,57,55,2,0,0,0,0,71,47,38,0,0,57,0,0,0
"Florida","Liberty",2021,58,58,0,0,0,0,0,44,42,31,0,0,58,0,0,0
"Georgia","Bibb",2021,59,51,8,0,0,0,0,78,62,29,0,0,0,0,59,0
"Georgia","Chatham",2021,59,49,10,0,0,0,0,70,55,35,0,0,0,7,52,0
"Georgia","Clarke",2021,59,45,14,0,0,0,0,68,58,34,0,0,0,0,59,0
"Georgia","Clayton",2021,11,11,0,0,0,0,0,49,45,30,0,0,0,0,11,0
"Georgia","Cobb",2021,11,8,3,0,0,0,0,56,54,36,0,0,0,0,11,0
"Georgia","Coffee",2021,11,11,0,0,0,0,0,41,39,26,0,0,0,0,11,0
"Georgia","DeKalb",2021,90,77,13,0,0,0,0,66,53,36,0,43,6,0,41,0
"Georgia","Dougherty",2021,59,46,13,0,0,0,0,92,70,35,0,0,0,0,59,0
"Georgia","Floyd",2021,59,56,3,0,0,0,0,73,46,22,0,0,0,0,59,0
"Georgia","Fulton",2021,90,76,14,0,0,0,0,68,54,36,0,38,0,0,52,0
"Georgia","Glynn",2021,10,9,1,0,0,0,0,58,58,31,0,0,0,0,10,0
"Georgia","Gwinnett",2021,27,22,5,0,0,0,0,57,53,32,0,0,0,0,27,0
"Georgia","Hall",2021,59,53,6,0,0,0,0,55,51,30,0,0,0,0,59,0
"Georgia","Henry",2021,58,55,3,0,0,0,0,60,40,19,0,0,0,0,58,0
"Georgia","Houston",2021,59,46,13,0,0,0,0,81,63,35,0,0,0,0,59,0
"Georgia","Lowndes",2021,59,48,11,0,0,0,0,84,60,31,0,0,0,0,59,0
"Georgia","Muscogee",2021,120,105,15,0,0,0,0,73,51,34,0,0,61,0,59,0
"Georgia","Pike",2021,58,56,2,0,0,0,0,54,43,34,0,0,58,0,0,0
"Georgia","Richmond",2021,59,39,18,2,0,0,0,145,70,41,0,0,0,2,57,0
"Georgia","Rockdale",2021,61,54,7,0,0,0,0,80,58,43,0,0,61,0,0,0
"Georgia","Sumter",2021,61,53,8,0,0,0,0,74,51,42,0,0,61,0,0,0
"Georgia","Washington",2021,59,49,10,0,0,0,0,83,55,32,0,0,0,0,59,0
"Hawaii","Hawaii",2021,59,45,9,4,1,0,0,178,92,8,0,0,0,20,39,0
"Idaho","Butte",2021,59,59,0,0,0,0,0,48,44,38,0,0,59,0,0,0
"Idaho","Idaho",2021,90,76,14,0,0,0,0,79,55,34,0,0,20,0,70,0
"Idaho","Nez Perce",2021,90,86,4,0,0,0,0,61,35,15,0,0,0,0,90,0
"Illinois","Adams",2021,31,30,1,0,0,0,0,58,49,40,0,0,31,0,0,0
"Illinois","Champaign",2021,90,73,17,0,0,0,0,78,58,37,0,0,38,0,52,0
"Illinois","Clark",2021,90,88,2,0,0,0,0,58,44,32,0,0,90,0,0,0
"Illinois","Cook",2021,92,34,58,0,0,0,0,100,70,54,0,10,8,0,71,3
"Illinois","DuPage",2021,90,55,35,0,0,0,0,94,62,46,0,0,13,0,77,0
"Illinois","Effingham",2021,31,30,1,0,0,0,0,54,44,38,0,0,31,0,0,0
"Illinois","Hamilton",2021,90,75,15,0,0,0,0,68,55,37,0,0,28,0,62,0
"Illinois","Jersey",2021,87,79,8,0,0,0,0,66,50,37,0,0,24,0,63,0
"Illinois","Jo Daviess",2021,59,58,1,0,0,0,0,54,44,32,0,0,59,0,0,0
"Illinois","Kane",2021,52,38,14,0,0,0,0,64,58,39,0,0,25,0,27,0
"Illinois","La Salle",2021,84,84,0,0,0,0,0,7,3,1,0,0,0,84,0,0
"Illinois","Lake",2021,31,30,1,0,0,0,0,61,46,41,0,0,31,0,0,0
"Illinois","Macon",2021,90,72,18,0,0,0,0,75,58,39,0,0,19,1,70,0
"Illinois","Macoupin",2021,90,90,0,0,0,0,0,49,43,6,0,59,31,0,0,0
"Illinois","Madison",2021,90,51,39,0,0,0,0,75,66,48,0,0,17,0,73,0
"Illinois","McHenry",2021,88,70,18,0,0,0,0,80,56,39,0,0,16,0,72,0
"Illinois","McLean",2021,90,66,24,0,0,0,0,71,58,40,0,0,13,0,77,0
"Illinois","Monroe",2021,90,90,0,0,0,0,0,29,10,3,0,0,0,90,0,0
"Illinois","Peoria",2021,86,63,23,0,0,0,0,72,58,39,0,0,15,0,71,0
"Illinois","Randolph",2021,90,76,14,0,0,0,0,66,54,37,0,0,27,0,63,0
"Illinois","Rock Island",2021,86,68,18,0,0,0,0,78,59,38,0,0,14,0,72,0
"Illinois","Saint Clair",2021,90,69,21,0,0,0,0,65,55,42,0,3,12,0,75,0
"Illinois","Sangamon",2021,89,74,15,0,0,0,0,64,55,34,0,0,18,0,71,0
"Illinois","Tazewell",2021,86,86,0,0,0,0,0,19,6,1,0,0,0,86,0,0
"Illinois","Wabash",2021,90,90,0,0,0,0,0,24,4,1,0,0,0,90,0,0
"Illinois","Will",2021,90,52,38,0,0,0,0,84,62,46,0,0,13,0,77,0
"Illinois","Winnebago",2021,86,54,32,0,0,0,0,95,70,45,0,0,17,0,69,0
"Indiana","Allen",2021,90,77,13,0,0,0,0,75,53,36,0,0,62,0,28,0
"Indiana","Bartholomew",2021,120,106,14,0,0,0,0,74,54,38,0,0,89,0,31,0
"Indiana","Boone",2021,90,90,0,0,0,0,0,44,39,30,0,0,90,0,0,0
"Indiana","Brown",2021,120,113,7,0,0,0,0,77,49,35,0,0,120,0,0,0
"Indiana","Carroll",2021,120,116,4,0,0,0,0,64,45,34,0,0,120,0,0,0
"Indiana","Clark",2021,90,65,25,0,0,0,0,88,67,42,0,0,36,0,54,0
"Indiana","Delaware",2021,117,105,12,0,0,0,0,84,51,37,0,0,101,0,16,0
"Indiana","Dubois",2021,31,23,8,0,0,0,0,83,60,35,0,0,0,0,30,1
"Indiana","Elkhart",2021,90,76,14,0,0,0,0,84,54,35,0,0,66,0,24,0
"Indiana","Floyd",2021,90,90,0,0,0,0,0,49,42,31,0,0,88,2,0,0
"Indiana","Gibson",2021,90,89,1,0,0,0,0,51,16,1,0,0,0,90,0,0
"Indiana","Greene",2021,88,81,7,0,0,0,0,72,48,33,0,0,76,0,12,0
"Indiana","Hamilton",2021,90,74,16,0,0,0,0,74,58,38,0,0,45,0,45,0
"Indiana","Hendricks",2021,120,117,3,0,0,0,0,64,44,32,0,0,120,0,0,0
"Indiana","Henry",2021,28,23,5,0,0,0,0,76,60,33,0,0,0,0,28,0
"Indiana","Howard",2021,90,73,17,0,0,0,0,78,54,39,0,0,51,0,39,0
"Indiana","Knox",2021,59,59,0,0,0,0,0,50,42,30,0,0,59,0,0,0
"Indiana","LaPorte",2021,90,80,10,0,0,0,0,72,51,35,0,0,77,0,13,0
"Indiana","Lake",2021,90,46,42,2,0,0,0,104,71,49,0,0,25,4,61,0
"Indiana","Madison",2021,120,92,28,0,0,0,0,86,60,41,0,0,71,0,49,0
"Indiana","Marion",2021,120,75,45,0,0,0,0,98,70,45,0,2,56,0,62,0
"Indiana","Monroe",2021,65,53,12,0,0,0,0,75,60,31,0,0,0,0,65,0
"Indiana","Perry",2021,90,88,2,0,0,0,0,58,45,31,0,0,90,0,0,0
"Indiana","Porter",2021,90,77,13,0,0,0,0,83,60,38,0,0,50,10,30,0
"Indiana","Posey",2021,90,90,0,0,0,0,0,46,40,28,0,0,90,0,0,0
"Indiana","Shelby",2021,120,119,1,0,0,0,0,61,44,32,0,0,120,0,0,0
"Indiana","Spencer",2021,30,22,8,0,0,0,0,82,66,30,0,0,0,0,30,0
"Indiana","St. Joseph",2021,90,61,29,0,0,0,0,99,64,42,0,1,43,0,46,0
"Indiana","Tippecanoe",2021,59,40,19,0,0,0,0,82,69,44,0,0,0,0,59,0
"Indiana","Vanderburgh",2021,90,72,18,0,0,0,0,89,60,41,0,0,43,0,47,0
"Indiana","Vigo",2021,90,76,14,0,0,0,0,74,60,38,0,0,49,0,41,0
"Indiana","Wabash",2021,59,58,1,0,0,0,0,61,44,31,0,0,59,0,0,0
"Indiana","Warrick",2021,90,90,0,0,0,0,0,49,44,31,0,0,88,2,0,0
"Indiana","Whitley",2021,67,48,19,0,0,0,0,79,60,37,0,0,0,0,67,0
"Iowa","Black Hawk",2021,120,82,38,0,0,0,0,90,66,41,0,0,0,0,120,0
"Iowa","Bremer",2021,60,57,3,0,0,0,0,77,46,37,0,0,60,0,0,0
"Iowa","Cerro Gordo",2021,30,30,0,0,0,0,0,31,24,16,0,0,0,0,0,30
"Iowa","Clinton",2021,120,58,60,2,0,0,0,112,70,51,0,0,24,0,96,0
"Iowa","Harrison",2021,61,58,3,0,0,0,0,64,47,39,0,0,61,0,0,0
"Iowa","Johnson",2021,109,59,49,1,0,0,0,107,69,47,0,0,0,0,109,0
"Iowa","Lee",2021,23,16,7,0,0,0,0,69,60,33,0,0,0,0,23,0
"Iowa","Linn",2021,120,66,51,3,0,0,0,123,67,47,0,0,26,1,93,0
"Iowa","Montgomery",2021,120,100,20,0,0,0,0,81,61,37,0,0,42,0,78,0
"Iowa","Muscatine",2021,120,82,38,0,0,0,0,88,64,41,0,0,0,0,120,0
"Iowa","Palo Alto",2021,120,90,30,0,0,0,0,80,61,39,0,0,38,0,82,0
"Iowa","Polk",2021,120,93,27,0,0,0,0,82,66,39,0,5,38,0,77,0
"Iowa","Pottawattamie",2021,31,21,10,0,0,0,0,76,65,35,0,0,0,0,31,0
"Iowa","Scott",2021,121,66,55,0,0,0,0,98,66,50,1,0,35,0,72,13
"Iowa","Van Buren",2021,118,94,24,0,0,0,0,81,58,39,0,0,47,0,71,0
"Iowa","Woodbury",2021,30,21,9,0,0,0,0,79,72,37,0,0,0,0,30,0
"Kentucky","Edmonson",2021,60,60,0,0,0,0,0,46,40,30,3,0,57,0,0,0
"Kentucky","Morgan",2021,54,54,0,0,0,0,0,50,38,31,0,0,54,0,0,0
"Kentucky","Trigg",2021,59,58,1,0,0,0,0,58,43,31,0,0,59,0,0,0
"Kentucky","Washington",2021,58,58,0,0,0,0,0,48,41,32,0,0,58,0,0,0
"Louisiana","Ascension",2021,90,90,0,0,0,0,0,44,42,30,0,3,87,0,0,0
"Louisiana","Bossier",2021,90,84,6,0,0,0,0,62,50,38,0,0,48,0,38,4
"Louisiana","Caddo",2021,89,87,2,0,0,0,0,64,44,34,0,0,89,0,0,0
"Louisiana","Calcasieu",2021,90,71,19,0,0,0,0,74,54,42,0,0,37,1,52,0
"Louisiana","East Baton Rouge",2021,91,84,7,0,0,0,0,62,50,35,1,2,56,0,32,0
"Louisiana","Iberville",2021,90,87,3,0,0,0,0,61,48,36,0,0,90,0,0,0
"Louisiana","Jefferson",2021,90,88,2,0,0,0,0,59,44,33,0,1,78,0,11,0
"Louisiana","Lafayette",2021,90,76,14,0,0,0,0,80,52,39,0,0,54,0,35,1
"Louisiana","Lafourche",2021,90,85,5,0,0,0,0,55,47,37,0,0,52,0,38,0
"Louisiana","Livingston",2021,85,80,5,0,0,0,0,64,47,37,0,5,51,0,29,0
"Louisiana","Orleans",2021,91,89,2,0,0,0,0,60,36,23,1,31,0,0,49,10
"Louisiana","Ouachita",2021,72,72,0,0,0,0,0,50,44,31,0,0,72,0,0,0
"Louisiana","Pointe Coupee",2021,90,89,1,0,0,0,0,54,44,31,0,0,90,0,0,0
"Louisiana","St. Bernard",2021,90,80,9,1,0,0,0,106,52,40,0,0,50,5,34,1
"Louisiana","St. Charles",2021,90,90,0,0,0,0,0,50,31,3,0,0,0,90,0,0
"Louisiana","St. James",2021,87,87,0,0,0,0,0,44,37,27,0,0,87,0,0,0
"Louisiana","St. John the Baptist",2021,87,87,0,0,0,0,0,49,42,31,0,0,87,0,0,0
"Louisiana","St. Martin",2021,89,89,0,0,0,0,0,50,44,34,0,0,89,0,0,0
"Louisiana","St. Tammany",2021,86,82,4,0,0,0,0,62,42,32,0,0,66,0,20,0
"Louisiana","West Baton Rouge",2021,90,90,0,0,0,0,0,49,41,31,0,6,83,1,0,0
"Maine","Androscoggin",2021,110,105,5,0,0,0,0,54,46,34,0,0,59,0,51,0
"Maine","Aroostook",2021,90,80,9,1,0,0,0,104,51,34,0,0,41,0,33,16
"Maine","Cumberland",2021,121,116,5,0,0,0,0,67,44,38,1,5,108,0,7,0
"Maine","Hancock",2021,121,115,6,0,0,0,0,90,47,39,1,0,119,0,1,0
"Maine","Kennebec",2021,61,60,1,0,0,0,0,51,44,38,0,0,61,0,0,0
"Maine","Knox",2021,56,52,4,0,0,0,0,80,48,41,0,0,56,0,0,0
"Maine","Oxford",2021,120,114,6,0,0,0,0,61,45,37,0,0,73,0,47,0
"Maine","Penobscot",2021,120,111,9,0,0,0,0,71,49,38,0,0,67,0,53,0
"Maine","Washington",2021,119,115,4,0,0,0,0,84,44,37,0,0,119,0,0,0
"Maine","York",2021,78,73,5,0,0,0,0,71,48,41,0,0,78,0,0,0
"Maryland","Anne Arundel",2021,89,87,2,0,0,0,0,67,44,4,0,0,31,58,0,0
"Maryland","Baltimore",2021,85,69,16,0,0,0,0,68,59,38,0,0,28,0,57,0
"Maryland","Baltimore (City)",2021,88,74,14,0,0,0,0,70,60,27,0,0,0,0,88,0
"Maryland","Cecil",2021,90,74,16,0,0,0,0,80,60,37,0,0,26,0,64,0
"Maryland","Dorchester",2021,90,81,9,0,0,0,0,71,51,37,0,0,69,0,21,0
"Maryland","Garrett",2021,91,86,5,0,0,0,0,67,47,37,1,0,78,0,12,0
"Maryland","Harford",2021,90,74,16,0,0,0,0,84,62,38,0,0,29,0,61,0
"Maryland","Howard",2021,88,74,14,0,0,0,0,63,54,24,0,0,0,0,88,0
"Maryland","Kent",2021,86,80,6,0,0,0,0,62,43,19,0,0,0,0,86,0
"Maryland","Montgomery",2021,90,73,17,0,0,0,0,71,58,39,0,0,28,0,62,0
"Maryland","Prince George's",2021,90,76,14,0,0,0,0,67,54,38,0,0,66,0,24,0
"Maryland","Washington",2021,90,66,24,0,0,0,0,75,63,40,0,0,27,0,63,0
"Massachusetts","Barnstable",2021,31,31,0,0,0,0,0,38,37,33,0,0,31,0,0,0
"Massachusetts","Berkshire",2021,47,40,7,0,0,0,0,77,54,31,0,0,15,0,32,0
"Massachusetts","Bristol",2021,31,28,3,0,0,0,0,76,50,32,0,0,22,0,9,0
"Massachusetts","Dukes",2021,31,31,0,0,0,0,0,39,35,32,0,0,31,0,0,0
"Massachusetts","Essex",2021,31,28,3,0,0,0,0,78,48,32,0,0,20,0,11,0
"Massachusetts","Franklin",2021,47,36,11,0,0,0,0,86,56,35,0,0,10,0,37,0
"Massachusetts","Hampden",2021,37,29,8,0,0,0,0,88,67,36,0,1,13,0,23,0
"Massachusetts","Hampshire",2021,37,35,2,0,0,0,0,69,42,32,0,0,24,0,7,6
"Massachusetts","Middlesex",2021,31,28,3,0,0,0,0,75,41,33,0,1,20,0,10,0
"Massachusetts","Norfolk",2021,31,27,4,0,0,0,0,87,51,31,0,0,17,0,14,0
"Massachusetts","Plymouth",2021,31,26,5,0,0,0,0,69,53,31,0,0,19,0,12,0
"Massachusetts","Suffolk",2021,50,43,7,0,0,0,0,83,56,33,1,5,8,0,36,0
"Massachusetts","Worcester",2021,39,34,5,0,0,0,0,87,55,35,0,0,12,0,19,8
"Michigan","Allegan",2021,86,74,12,0,0,0,0,64,52,26,0,0,0,0,86,0
"Michigan","Bay",2021,90,77,13,0,0,0,0,72,56,23,0,0,0,0,90,0
"Michigan","Cass",2021,52,52,0,0,0,0,0,50,45,37,0,0,52,0,0,0
"Michigan","Genesee",2021,89,76,13,0,0,0,0,68,55,30,0,0,0,0,89,0
"Michigan","Kent",2021,91,91,0,0,0,0,0,14,9,5,91,0,0,0,0,0
"Michigan","Lenawee",2021,90,67,23,0,0,0,0,83,61,40,0,0,27,0,63,0
"Michigan","Missaukee",2021,90,76,14,0,0,0,0,67,55,32,0,0,0,0,90,0
"Michigan","Monroe",2021,15,14,1,0,0,0,0,51,31,16,0,0,0,0,0,15
"Michigan","Schoolcraft",2021,90,85,4,1,0,0,0,124,44,22,0,0,0,0,90,0
"Michigan","Tuscola",2021,59,59,0,0,0,0,0,50,39,33,0,0,59,0,0,0
"Michigan","Washtenaw",2021,90,90,0,0,0,0,0,50,43,33,0,0,90,0,0,0
"Michigan","Wayne",2021,91,91,0,0,0,0,0,23,13,9,91,0,0,0,0,0
"Michigan","Wexford",2021,59,58,1,0,0,0,0,51,39,33,0,0,59,0,0,0
"Minnesota","Saint Louis",2021,59,59,0,0,0,0,0,43,36,31,0,0,59,0,0,0
"Mississippi","Bolivar",2021,87,76,11,0,0,0,0,63,51,35,0,0,27,0,60,0
"Mississippi","DeSoto",2021,90,75,15,0,0,0,0,83,58,36,0,0,24,0,66,0
"Mississippi","Forrest",2021,90,72,18,0,0,0,0,92,54,40,0,0,0,0,90,0
"Mississippi","Hancock",2021,90,75,15,0,0,0,0,74,52,36,0,0,18,0,72,0
"Mississippi","Harrison",2021,90,76,14,0,0,0,0,85,53,38,0,0,16,0,74,0
"Mississippi","Hinds",2021,91,63,28,0,0,0,0,71,57,44,1,0,19,0,71,0
"Mississippi","Jackson",2021,90,77,13,0,0,0,0,75,53,37,0,0,19,0,71,0
"Mississippi","Lauderdale",2021,31,31,0,0,0,0,0,49,44,33,0,0,31,0,0,0
"Mississippi","Lee",2021,31,29,2,0,0,0,0,61,46,40,0,0,31,0,0,0
"Mississippi","Yalobusha",2021,58,58,0,0,0,0,0,47,41,31,0,0,58,0,0,0
"Missouri","Buchanan",2021,59,48,11,0,0,0,0,87,61,32,0,0,0,0,53,6
"Missouri","Cass",2021,59,53,6,0,0,0,0,74,54,27,0,0,0,0,59,0
"Missouri","Cedar",2021,59,51,8,0,0,0,0,65,53,30,0,0,0,0,59,0
"Missouri","Clay",2021,47,41,6,0,0,0,0,71,54,30,0,0,0,0,47,0
"Missouri","Franklin",2021,90,90,0,0,0,0,0,50,10,1,0,0,0,90,0,0
"Missouri","Greene",2021,59,56,3,0,0,0,0,63,43,16,0,0,0,0,36,23
"Missouri","Iron",2021,59,59,0,0,0,0,0,43,23,4,0,0,0,59,0,0
"Missouri","Jackson",2021,60,39,21,0,0,0,0,93,65,43,1,4,0,0,48,7
"Missouri","Jasper",2021,54,45,9,0,0,0,0,69,54,10,0,0,0,0,0,54
"Missouri","Jefferson",2021,90,85,5,0,0,0,0,65,45,25,0,0,0,33,55,2
"Missouri","Monroe",2021,59,59,0,0,0,0,0,46,34,28,0,0,58,0,0,1
"Missouri","New Madrid",2021,90,17,16,36,21,0,0,200,167,117,0,0,0,90,0,0
"Missouri","Saint Charles",2021,90,90,0,0,0,0,0,39,19,1,0,0,0,90,0,0
"Missouri","Saint Louis",2021,59,50,9,0,0,0,0,62,53,31,0,11,0,1,47,0
"Missouri","St. Louis City",2021,60,35,25,0,0,0,0,88,63,47,1,1,3,0,52,3
"Montana","Cascade",2021,31,31,0,0,0,0,0,28,18,12,0,0,0,0,31,0
"Montana","Fergus",2021,31,31,0,0,0,0,0,40,39,35,0,0,29,0,2,0
"Montana","Flathead",2021,59,53,6,0,0,0,0,65,51,34,0,0,38,0,11,10
"Montana","Gallatin",2021,60,58,2,0,0,0,0,54,38,20,8,14,0,0,38,0
"Montana","Lewis and Clark",2021,32,26,6,0,0,0,0,63,60,39,1,0,17,0,14,0
"Montana","Lincoln",2021,31,2,27,2,0,0,0,119,81,68,0,0,0,0,31,0
"Montana","Missoula",2021,31,6,23,2,0,0,0,104,91,65,0,0,2,0,29,0
"Montana","Phillips",2021,31,31,0,0,0,0,0,35,32,26,0,0,25,0,4,2
"Montana","Powder River",2021,30,29,1,0,0,0,0,58,42,32,0,0,23,0,5,2
"Montana","Ravalli",2021,31,28,3,0,0,0,0,56,45,18,0,0,0,0,31,0
"Montana","Richland",2021,31,29,2,0,0,0,0,67,46,30,0,0,26,0,4,1
"Montana","Rosebud",2021,31,30,1,0,0,0,0,52,35,30,0,0,27,0,3,1
"Montana","Sanders",2021,29,22,7,0,0,0,0,61,55,39,0,0,0,0,29,0
"Montana","Silver Bow",2021,31,28,3,0,0,0,0,77,50,20,0,0,0,0,25,6
"Montana","Yellowstone",2021,31,27,4,0,0,0,0,67,52,22,0,0,0,2,29,0
"Nebraska","Cass",2021,119,118,1,0,0,0,0,52,30,13,0,0,0,0,0,119
"Nebraska","Douglas",2021,91,69,22,0,0,0,0,74,65,36,1,0,36,6,46,2
"Nebraska","Hall",2021,120,104,16,0,0,0,0,75,52,26,0,0,0,0,120,0
"Nebraska","Knox",2021,59,59,0,0,0,0,0,48,38,32,0,0,59,0,0,0
"Nebraska","Lancaster",2021,20,15,5,0,0,0,0,65,56,27,0,0,0,2,18,0
"Nebraska","Sarpy",2021,80,64,16,0,0,0,0,86,67,31,0,0,0,0,80,0
"Nebraska","Scotts Bluff",2021,116,113,3,0,0,0,0,58,38,15,0,0,0,0,116,0
"Nebraska","Washington",2021,24,16,8,0,0,0,0,74,69,29,0,0,0,0,24,0
"Nevada","Clark",2021,91,57,33,1,0,0,0,112,74,48,1,3,46,0,38,3
"Nevada","White Pine",2021,59,59,0,0,0,0,0,45,44,40,0,0,59,0,0,0
"New Hampshire","Grafton",2021,57,57,0,0,0,0,0,43,39,35,0,0,57,0,0,0
"New Jersey","Mercer",2021,59,59,0,0,0,0,0,44,39,32,0,0,59,0,0,0
"New Mexico","Dona Ana",2021,90,56,30,1,1,1,1,438,74,46,0,1,45,0,7,37
"New Mexico","Eddy",2021,59,59,0,0,0,0,0,49,44,40,0,0,59,0,0,0
"New Mexico","Luna",2021,90,85,4,1,0,0,0,102,33,15,0,0,0,0,0,90
"New Mexico","San Juan",2021,90,90,0,0,0,0,0,43,42,37,0,2,88,0,0,0
"New York","Albany",2021,90,76,14,0,0,0,0,86,56,39,0,0,52,0,38,0
"New York","Bronx",2021,91,75,16,0,0,0,0,83,55,40,1,13,26,0,51,0
"New York","Chautauqua",2021,90,84,6,0,0,0,0,67,49,37,0,0,84,1,5,0
"New York","Dutchess",2021,90,90,0,0,0,0,0,50,42,35,0,0,90,0,0,0
"New York","Erie",2021,91,76,15,0,0,0,0,76,53,37,1,10,36,1,43,0
"New York","Essex",2021,90,85,5,0,0,0,0,64,47,42,0,0,89,0,1,0
"New York","Hamilton",2021,90,88,2,0,0,0,0,64,44,37,0,0,90,0,0,0
"New York","Jefferson",2021,86,83,3,0,0,0,0,64,44,37,0,0,86,0,0,0
"New York","Kings",2021,90,83,7,0,0,0,0,68,45,31,0,0,0,0,90,0
"New York","Monroe",2021,91,74,17,0,0,0,0,78,54,38,1,0,41,0,49,0
"New York","Nassau",2021,89,83,6,0,0,0,0,64,42,26,0,0,0,1,88,0
"New York","New York",2021,91,82,9,0,0,0,0,69,50,37,1,0,29,0,61,0
"New York","Niagara",2021,89,85,4,0,0,0,0,61,44,36,0,0,89,0,0,0
"New York","Oneida",2021,84,82,2,0,0,0,0,58,38,27,0,0,0,0,84,0
"New York","Onondaga",2021,90,79,11,0,0,0,0,64,52,38,0,0,60,0,30,0
"New York","Orange",2021,90,82,8,0,0,0,0,72,45,37,0,0,65,0,25,0
"New York","Oswego",2021,87,82,5,0,0,0,0,61,45,37,0,0,87,0,0,0
"New York","Putnam",2021,90,90,0,0,0,0,0,49,44,36,0,0,90,0,0,0
"New York","Queens",2021,91,77,14,0,0,0,0,79,54,40,1,20,23,1,46,0
"New York","Richmond",2021,89,82,7,0,0,0,0,71,45,36,0,0,29,0,60,0
"New York","Rockland",2021,89,85,4,0,0,0,0,61,44,35,0,0,65,0,24,0
"New York","Saratoga",2021,90,87,3,0,0,0,0,51,43,36,0,0,90,0,0,0
"New York","St. Lawrence",2021,90,68,16,6,0,0,0,116,90,17,0,0,0,90,0,0
"New York","Steuben",2021,91,81,10,0,0,0,0,62,54,38,1,0,71,0,19,0
"New York","Suffolk",2021,90,84,6,0,0,0,0,72,48,39,0,0,62,0,28,0
"New York","Tompkins",2021,59,58,1,0,0,0,0,54,44,36,0,0,59,0,0,0
"New York","Wayne",2021,89,88,1,0,0,0,0,58,44,35,0,0,89,0,0,0
"New York","Westchester",2021,90,86,4,0,0,0,0,60,44,35,0,0,67,0,23,0
"North Carolina","Alexander",2021,31,27,4,0,0,0,0,80,51,43,0,0,31,0,0,0
"North Carolina","Avery",2021,85,83,2,0,0,0,0,58,45,38,0,0,85,0,0,0
"North Carolina","Beaufort",2021,57,57,0,0,0,0,0,19,3,0,0,0,0,57,0,0
"North Carolina","Brunswick",2021,57,55,2,0,0,0,0,57,31,0,0,0,0,57,0,0
"North Carolina","Buncombe",2021,90,88,2,0,0,0,0,64,46,26,0,0,31,0,59,0
"North Carolina","Caldwell",2021,31,30,1,0,0,0,0,71,49,42,0,0,31,0,0,0
"North Carolina","Carteret",2021,54,54,0,0,0,0,0,49,41,33,0,0,54,0,0,0
"North Carolina","Caswell",2021,37,36,1,0,0,0,0,77,47,39,0,0,31,0,0,6
"North Carolina","Catawba",2021,59,53,6,0,0,0,0,61,51,26,0,0,0,0,59,0
"North Carolina","Cumberland",2021,90,85,5,0,0,0,0,74,47,32,0,0,31,0,59,0
"North Carolina","Davidson",2021,59,47,12,0,0,0,0,66,58,35,0,0,0,0,59,0
"North Carolina","Durham",2021,90,86,4,0,0,0,0,67,46,34,0,0,31,0,59,0
"North Carolina","Edgecombe",2021,90,86,4,0,0,0,0,84,45,26,0,0,31,0,59,0
"North Carolina","Forsyth",2021,59,52,7,0,0,0,0,67,56,30,0,3,0,0,56,0
"North Carolina","Graham",2021,31,27,4,0,0,0,0,71,51,44,0,0,31,0,0,0
"North Carolina","Granville",2021,31,30,1,0,0,0,0,67,45,38,0,0,31,0,0,0
"North Carolina","Guilford",2021,90,85,5,0,0,0,0,87,45,28,0,0,31,0,56,3
"North Carolina","Haywood",2021,80,74,6,0,0,0,0,67,48,23,0,0,31,49,0,0
"North Carolina","Johnston",2021,90,88,2,0,0,0,0,80,46,30,0,0,31,0,59,0
"North Carolina","Lenoir",2021,59,57,2,0,0,0,0,77,47,28,0,0,31,0,0,28
"North Carolina","Lincoln",2021,31,29,2,0,0,0,0,67,47,41,0,0,31,0,0,0
"North Carolina","Macon",2021,58,58,0,0,0,0,0,45,40,33,0,0,58,0,0,0
"North Carolina","Martin",2021,31,30,1,0,0,0,0,74,46,40,0,0,31,0,0,0
"North Carolina","Mecklenburg",2021,91,74,17,0,0,0,0,71,53,38,1,2,40,0,48,0
"North Carolina","Mitchell",2021,59,59,0,0,0,0,0,50,41,19,0,0,0,0,59,0
"North Carolina","Montgomery",2021,59,55,4,0,0,0,0,58,45,34,0,0,29,0,30,0
"North Carolina","New Hanover",2021,90,88,2,0,0,0,0,71,43,30,0,0,31,0,59,0
"North Carolina","Northampton",2021,90,90,0,0,0,0,0,50,30,12,0,32,0,0,58,0
"North Carolina","Person",2021,31,28,3,0,0,0,0,84,49,42,0,0,31,0,0,0
"North Carolina","Pitt",2021,85,83,2,0,0,0,0,74,43,28,0,0,31,0,54,0
"North Carolina","Rockingham",2021,87,83,4,0,0,0,0,90,45,1,0,0,31,56,0,0
"North Carolina","Rowan",2021,89,83,6,0,0,0,0,67,48,35,0,0,68,0,21,0
"North Carolina","Swain",2021,85,68,17,0,0,0,0,76,62,43,0,0,26,0,59,0
"North Carolina","Union",2021,31,29,2,0,0,0,0,64,48,41,0,0,31,0,0,0
"North Carolina","Wake",2021,91,85,6,0,0,0,0,74,48,37,1,1,61,0,28,0
"North Carolina","Yancey",2021,31,25,6,0,0,0,0,77,51,46,0,0,31,0,0,0
"North Dakota","Billings",2021,59,55,4,0,0,0,0,58,38,31,0,0,54,0,5,0
"North Dakota","Burke",2021,59,55,4,0,0,0,0,72,48,31,0,0,44,1,14,0
"North Dakota","Burleigh",2021,60,51,8,0,1,0,0,152,58,30,1,4,22,0,33,0
"North Dakota","Cass",2021,59,44,15,0,0,0,0,82,66,31,0,3,26,0,30,0
"North Dakota","Dunn",2021,59,53,6,0,0,0,0,71,52,30,0,0,45,0,13,1
"North Dakota","McKenzie",2021,53,50,3,0,0,0,0,78,39,29,0,0,42,0,9,2
"North Dakota","Mercer",2021,59,53,6,0,0,0,0,64,51,30,0,0,44,0,15,0
"North Dakota","Oliver",2021,59,52,7,0,0,0,0,62,54,30,0,0,44,0,15,0
"North Dakota","Ward",2021,59,54,5,0,0,0,0,68,48,30,0,1,40,0,18,0
"Ohio","Allen",2021,59,46,13,0,0,0,0,68,59,36,0,0,0,0,59,0
"Ohio","Ashtabula",2021,59,59,0,0,0,0,0,11,9,7,0,0,0,59,0,0
"Ohio","Athens",2021,18,17,1,0,0,0,0,56,48,21,0,0,0,0,18,0
"Ohio","Belmont",2021,59,53,6,0,0,0,0,62,52,17,0,40,0,0,19,0
"Ohio","Butler",2021,90,51,38,1,0,0,0,101,72,48,0,0,28,0,58,4
"Ohio","Clark",2021,68,45,23,0,0,0,0,84,66,44,0,0,0,0,68,0
"Ohio","Clermont",2021,90,80,10,0,0,0,0,66,53,34,0,0,27,0,63,0
"Ohio","Columbiana",2021,59,59,0,0,0,0,0,28,8,0,0,0,0,49,0,10
"Ohio","Cuyahoga",2021,60,18,42,0,0,0,0,96,80,56,1,0,2,0,57,0
"Ohio","Fayette",2021,59,58,1,0,0,0,0,54,43,31,0,0,59,0,0,0
"Ohio","Franklin",2021,60,37,23,0,0,0,0,85,68,46,1,4,0,0,55,0
"Ohio","Gallia",2021,58,57,1,0,0,0,0,87,13,3,0,0,0,58,0,0
"Ohio","Guernsey",2021,59,57,2,0,0,0,0,59,26,3,0,0,0,59,0,0
"Ohio","Hamilton",2021,91,46,44,1,0,0,0,107,73,50,1,5,14,0,71,0
"Ohio","Hancock",2021,59,59,0,0,0,0,0,34,9,1,0,0,0,59,0,0
"Ohio","Harrison",2021,51,48,3,0,0,0,0,61,30,5,41,0,0,0,10,0
"Ohio","Jefferson",2021,56,38,18,0,0,0,0,95,62,39,0,0,0,4,52,0
"Ohio","Lake",2021,59,57,2,0,0,0,0,62,42,26,0,0,0,0,59,0
"Ohio","Lawrence",2021,59,43,16,0,0,0,0,75,66,35,0,0,0,0,59,0
"Ohio","Lorain",2021,59,43,16,0,0,0,0,74,59,35,0,0,0,0,59,0
"Ohio","Lucas",2021,59,51,8,0,0,0,0,71,55,29,0,0,0,0,59,0
"Ohio","Mahoning",2021,59,52,7,0,0,0,0,74,54,32,0,0,0,0,59,0
"Ohio","Medina",2021,59,45,14,0,0,0,0,76,60,36,0,0,0,0,59,0
"Ohio","Montgomery",2021,63,40,23,0,0,0,0,93,67,42,0,0,0,0,63,0
"Ohio","Morgan",2021,55,55,0,0,0,0,0,39,10,3,0,0,0,55,0,0
"Ohio","Noble",2021,59,59,0,0,0,0,0,48,42,31,0,0,59,0,0,0
"Ohio","Preble",2021,70,46,24,0,0,0,0,95,63,39,1,0,15,0,54,0
"Ohio","Scioto",2021,59,53,6,0,0,0,0,57,51,12,0,0,0,5,20,34
"Ohio","Stark",2021,90,54,36,0,0,0,0,92,72,45,0,0,20,0,70,0
"Ohio","Summit",2021,59,47,12,0,0,0,0,74,62,33,0,0,0,6,53,0
"Ohio","Trumbull",2021,59,49,10,0,0,0,0,74,60,35,0,0,0,0,59,0
"Ohio","Warren",2021,90,77,13,0,0,0,0,70,58,37,0,0,25,0,65,0
"Ohio","Washington",2021,59,59,0,0,0,0,0,29,24,4,0,0,0,59,0,0
"Oklahoma","Adair",2021,91,81,9,1,0,0,0,117,54,37,1,0,53,0,34,3
"Oklahoma","Canadian",2021,120,115,5,0,0,0,0,74,49,35,0,0,120,0,0,0
"Oklahoma","Carter",2021,87,64,23,0,0,0,0,68,58,38,0,0,0,0,87,0
"Oklahoma","Cleveland",2021,120,57,62,1,0,0,0,106,65,51,0,0,32,0,88,0
"Oklahoma","Comanche",2021,118,92,26,0,0,0,0,71,56,43,0,0,77,0,41,0
"Oklahoma","Creek",2021,119,107,12,0,0,0,0,74,51,36,0,0,119,0,0,0
"Oklahoma","Dewey",2021,120,107,13,0,0,0,0,68,51,39,0,0,89,0,31,0
"Oklahoma","Garfield",2021,116,115,1,0,0,0,0,64,13,0,0,0,0,116,0,0
"Oklahoma","Kay",2021,120,63,51,5,1,0,0,163,78,48,0,0,0,11,109,0
"Oklahoma","Kiowa",2021,64,56,8,0,0,0,0,67,51,43,0,0,64,0,0,0
"Oklahoma","Love",2021,64,50,14,0,0,0,0,93,64,44,0,0,64,0,0,0
"Oklahoma","Mayes",2021,32,31,1,0,0,0,0,58,46,39,0,0,32,0,0,0
"Oklahoma","Oklahoma",2021,121,63,57,1,0,0,0,104,67,49,1,3,47,0,69,1
"Oklahoma","Osage",2021,117,104,13,0,0,0,0,87,51,36,0,0,117,0,0,0
"Oklahoma","Pittsburg",2021,120,78,41,1,0,0,0,117,64,45,0,0,59,0,61,0
"Oklahoma","Sequoyah",2021,90,78,11,1,0,0,0,122,55,34,0,10,20,0,60,0
"Oklahoma","Tulsa",2021,121,65,54,1,1,0,0,163,71,49,1,0,44,0,76,0
"Oklahoma","Washington",2021,120,84,31,5,0,0,0,129,68,45,0,0,56,0,64,0
"Oregon","Lane",2021,29,25,4,0,0,0,0,58,55,25,0,0,0,0,29,0
"Pennsylvania","Adams",2021,78,78,0,0,0,0,0,50,43,36,0,0,78,0,0,0
"Pennsylvania","Allegheny",2021,91,54,36,1,0,0,0,123,72,44,1,0,28,2,59,1
"Pennsylvania","Armstrong",2021,66,64,2,0,0,0,0,77,44,36,0,0,66,0,0,0
"Pennsylvania","Beaver",2021,78,76,2,0,0,0,0,77,44,35,0,0,78,0,0,0
"Pennsylvania","Berks",2021,81,77,4,0,0,0,0,77,45,33,0,0,81,0,0,0
"Pennsylvania","Blair",2021,72,71,1,0,0,0,0,64,42,33,0,0,72,0,0,0
"Pennsylvania","Bradford",2021,66,64,2,0,0,0,0,54,44,38,0,0,66,0,0,0
"Pennsylvania","Bucks",2021,68,67,1,0,0,0,0,58,43,32,0,0,68,0,0,0
"Pennsylvania","Cambria",2021,66,64,2,0,0,0,0,58,44,36,0,0,66,0,0,0
"Pennsylvania","Centre",2021,78,78,0,0,0,0,0,50,44,34,0,0,78,0,0,0
"Pennsylvania","Chester",2021,52,52,0,0,0,0,0,50,40,32,0,0,52,0,0,0
"Pennsylvania","Clearfield",2021,70,70,0,0,0,0,0,46,39,32,0,0,70,0,0,0
"Pennsylvania","Dauphin",2021,81,81,0,0,0,0,0,48,41,32,0,0,81,0,0,0
"Pennsylvania","Delaware",2021,78,78,0,0,0,0,0,45,42,32,0,0,78,0,0,0
"Pennsylvania","Elk",2021,58,58,0,0,0,0,0,49,42,35,0,0,58,0,0,0
"Pennsylvania","Erie",2021,38,38,0,0,0,0,0,49,43,33,0,0,38,0,0,0
"Pennsylvania","Fayette",2021,70,70,0,0,0,0,0,48,38,30,0,0,70,0,0,0
"Pennsylvania","Franklin",2021,73,73,0,0,0,0,0,50,40,33,0,0,73,0,0,0
"Pennsylvania","Greene",2021,75,73,2,0,0,0,0,71,44,32,0,0,75,0,0,0
"Pennsylvania","Indiana",2021,69,68,1,0,0,0,0,58,43,33,0,0,69,0,0,0
"Pennsylvania","Lackawanna",2021,79,78,1,0,0,0,0,51,41,33,0,0,79,0,0,0
"Pennsylvania","Lancaster",2021,86,85,1,0,0,0,0,61,44,35,0,0,86,0,0,0
"Pennsylvania","Lawrence",2021,79,79,0,0,0,0,0,41,32,26,0,0,79,0,0,0
"Pennsylvania","Lebanon",2021,66,66,0,0,0,0,0,49,42,35,0,0,66,0,0,0
"Pennsylvania","Lehigh",2021,67,67,0,0,0,0,0,50,40,31,0,0,67,0,0,0
"Pennsylvania","Luzerne",2021,76,76,0,0,0,0,0,48,41,34,0,0,76,0,0,0
"Pennsylvania","Lycoming",2021,75,75,0,0,0,0,0,46,40,32,0,0,75,0,0,0
"Pennsylvania","Mercer",2021,78,77,1,0,0,0,0,58,42,34,0,0,78,0,0,0
"Pennsylvania","Monroe",2021,65,64,1,0,0,0,0,58,42,34,0,0,65,0,0,0
"Pennsylvania","Montgomery",2021,77,77,0,0,0,0,0,49,43,33,0,0,77,0,0,0
"Pennsylvania","Northampton",2021,77,76,1,0,0,0,0,61,44,34,0,0,77,0,0,0
"Pennsylvania","Somerset",2021,58,58,0,0,0,0,0,47,41,31,0,0,58,0,0,0
"Pennsylvania","Tioga",2021,64,64,0,0,0,0,0,50,44,37,0,0,64,0,0,0
"Pennsylvania","Washington",2021,79,76,3,0,0,0,0,61,44,34,0,0,79,0,0,0
"Pennsylvania","Westmoreland",2021,66,66,0,0,0,0,0,42,33,26,0,0,66,0,0,0
"Pennsylvania","York",2021,81,80,1,0,0,0,0,64,42,35,0,0,81,0,0,0
"Rhode Island","Kent",2021,89,87,2,0,0,0,0,77,45,25,0,0,29,0,60,0
"Rhode Island","Providence",2021,91,75,16,0,0,0,0,78,55,40,1,4,50,0,36,0
"Rhode Island","Washington",2021,90,88,2,0,0,0,0,74,42,27,0,0,31,0,59,0
"South Carolina","Aiken",2021,68,67,1,0,0,0,0,64,46,33,0,0,68,0,0,0
"South Carolina","Anderson",2021,40,38,2,0,0,0,0,64,47,41,0,0,40,0,0,0
"South Carolina","Berkeley",2021,48,47,1,0,0,0,0,54,46,36,0,0,48,0,0,0
"South Carolina","Charleston",2021,90,75,15,0,0,0,0,67,56,38,0,1,28,0,61,0
"South Carolina","Chesterfield",2021,90,81,9,0,0,0,0,64,51,34,0,0,48,0,42,0
"South Carolina","Darlington",2021,54,53,1,0,0,0,0,51,44,33,0,0,54,0,0,0
"South Carolina","Edgefield",2021,79,73,6,0,0,0,0,87,50,35,0,0,63,0,16,0
"South Carolina","Florence",2021,77,71,6,0,0,0,0,58,49,27,0,0,0,0,77,0
"South Carolina","Greenville",2021,90,73,17,0,0,0,0,99,58,38,0,4,45,0,41,0
"South Carolina","Horry",2021,41,38,3,0,0,0,0,54,46,38,0,0,41,0,0,0
"South Carolina","Lexington",2021,90,76,14,0,0,0,0,66,54,28,0,0,0,0,88,2
"South Carolina","Richland",2021,90,84,6,0,0,0,0,67,47,35,0,1,64,0,25,0
"South Carolina","Spartanburg",2021,81,73,8,0,0,0,0,76,49,36,0,0,47,0,34,0
"South Carolina","York",2021,90,87,3,0,0,0,0,61,44,30,0,0,62,28,0,0
"Tennessee","Blount",2021,60,59,1,0,0,0,0,51,42,34,1,0,59,0,0,0
"Tennessee","Claiborne",2021,58,57,1,0,0,0,0,54,40,30,0,0,58,0,0,0
"Tennessee","DeKalb",2021,57,56,1,0,0,0,0,58,42,31,0,0,57,0,0,0
"Tennessee","Hamilton",2021,59,52,7,0,0,0,0,56,51,29,0,0,0,0,59,0
"Tennessee","Knox",2021,120,87,31,2,0,0,0,150,64,43,0,0,39,0,81,0
"Tennessee","Sevier",2021,59,59,0,0,0,0,0,50,44,38,0,0,59,0,0,0
"Texas","Bell",2021,31,30,1,0,0,0,0,93,45,33,0,0,18,0,13,0
"Texas","Brazos",2021,31,29,2,0,0,0,0,84,49,27,0,0,0,0,31,0
"Texas","Brewster",2021,57,57,0,0,0,0,0,47,44,38,0,0,56,0,1,0
"Texas","Collin",2021,31,31,0,0,0,0,0,38,36,30,0,0,31,0,0,0
"Texas","Dallas",2021,32,32,0,0,0,0,0,44,38,32,1,13,18,0,0,0
"Texas","Denton",2021,31,29,2,0,0,0,0,63,48,34,0,0,16,0,15,0
"Texas","Ector",2021,30,28,2,0,0,0,0,57,45,25,0,0,0,0,30,0
"Texas","El Paso",2021,32,25,7,0,0,0,0,74,54,42,1,7,8,0,16,0
"Texas","Ellis",2021,31,29,2,0,0,0,0,61,42,34,0,0,15,0,16,0
"Texas","Freestone",2021,31,31,0,0,0,0,0,4,1,0,0,0,0,31,0,0
"Texas","Hood",2021,31,31,0,0,0,0,0,39,34,30,0,0,31,0,0,0
"Texas","Howard",2021,29,15,7,5,2,0,0,178,146,49,0,0,0,29,0,0
"Texas","Hunt",2021,31,31,0,0,0,0,0,40,35,29,0,1,30,0,0,0
"Texas","Hutchinson",2021,31,30,0,1,0,0,0,102,34,0,0,0,0,31,0,0
"Texas","Jefferson",2021,31,28,3,0,0,0,0,68,47,36,0,0,17,0,14,0
"Texas","Johnson",2021,29,29,0,0,0,0,0,43,41,31,0,0,29,0,0,0
"Texas","Kaufman",2021,31,31,0,0,0,0,0,40,33,26,0,2,23,0,6,0
"Texas","Lubbock",2021,18,17,1,0,0,0,0,66,33,13,0,0,0,0,18,0
"Texas","McLennan",2021,32,31,1,0,0,0,0,74,42,33,1,0,16,0,15,0
"Texas","Navarro",2021,31,31,0,0,0,0,0,46,40,31,0,0,16,5,10,0
"Texas","Orange",2021,31,28,3,0,0,0,0,75,41,32,0,0,21,0,10,0
"Texas","Parker",2021,31,31,0,0,0,0,0,42,38,31,0,0,31,0,0,0
"Texas","Polk",2021,59,58,1,0,0,0,0,61,39,30,0,0,59,0,0,0
"Texas","Potter",2021,31,30,0,1,0,0,0,104,42,23,0,0,0,4,27,0
"Texas","Randall",2021,58,58,0,0,0,0,0,45,41,35,0,0,58,0,0,0
"Texas","Robertson",2021,31,31,0,0,0,0,0,29,6,0,0,0,0,31,0,0
"Texas","Rockwall",2021,31,31,0,0,0,0,0,36,33,27,0,0,31,0,0,0
"Texas","Tarrant",2021,32,22,10,0,0,0,0,62,54,40,1,2,10,0,19,0
"Texas","Travis",2021,32,26,6,0,0,0,0,77,53,39,1,1,11,0,19,0
"Utah","Box Elder",2021,90,90,0,0,0,0,0,47,44,38,0,1,89,0,0,0
"Utah","Cache",2021,90,68,21,1,0,0,0,105,74,40,0,0,57,0,30,3
"Utah","Carbon",2021,90,90,0,0,0,0,0,50,44,40,0,0,90,0,0,0
"Utah","Davis",2021,90,73,17,0,0,0,0,96,61,39,0,10,56,0,24,0
"Utah","Duchesne",2021,90,63,27,0,0,0,0,84,67,45,0,0,64,0,26,0
"Utah","Garfield",2021,87,86,1,0,0,0,0,61,47,43,0,0,87,0,0,0
"Utah","Iron",2021,90,90,0,0,0,0,0,47,42,36,0,9,80,0,1,0
"Utah","Salt Lake",2021,91,60,30,1,0,0,0,119,64,44,1,16,32,0,36,6
"Utah","San Juan",2021,59,59,0,0,0,0,0,44,42,39,0,0,59,0,0,0
"Utah","Tooele",2021,90,80,9,1,0,0,0,133,54,32,0,0,66,0,24,0
"Utah","Uintah",2021,90,70,20,0,0,0,0,84,62,44,0,0,69,0,21,0
"Utah","Utah",2021,91,79,12,0,0,0,0,67,54,40,1,6,67,0,16,1
"Utah","Washington",2021,90,87,3,0,0,0,0,52,45,41,0,0,88,0,2,0
"Utah","Weber",2021,91,76,15,0,0,0,0,86,55,35,1,13,47,0,23,7
"Virginia","Alexandria City",2021,1,1,0,0,0,0,0,3,3,3,0,0,0,0,0,1
"Virginia","Carroll",2021,1,1,0,0,0,0,0,6,6,6,0,0,0,0,0,1
"Virginia","Fairfax",2021,1,1,0,0,0,0,0,2,2,2,0,0,0,0,0,1
"Virginia","Giles",2021,57,57,0,0,0,0,0,45,39,31,0,0,57,0,0,0
"Virginia","Hampton City",2021,1,1,0,0,0,0,0,5,5,5,0,0,0,0,0,1
"Virginia","Hopewell City",2021,1,1,0,0,0,0,0,2,2,2,0,0,0,0,0,1
"Virginia","Madison",2021,59,59,0,0,0,0,0,44,41,34,0,0,59,0,0,0
"Virginia","Norfolk City",2021,2,2,0,0,0,0,0,6,6,6,0,0,0,0,0,2
"Virginia","Pittsylvania",2021,90,90,0,0,0,0,0,21,13,4,0,90,0,0,0,0
"Virginia","Prince Edward",2021,53,53,0,0,0,0,0,41,35,31,0,0,53,0,0,0
"Virginia","Stafford",2021,1,1,0,0,0,0,0,6,6,6,0,0,0,0,0,1
"Washington","Adams",2021,30,30,0,0,0,0,0,32,29,14,0,0,0,0,30,0
"Washington","Asotin",2021,23,7,16,0,0,0,0,94,82,62,0,0,0,0,23,0
"Washington","Benton",2021,31,29,2,0,0,0,0,53,48,29,0,0,0,0,30,1
"Washington","Chelan",2021,31,22,9,0,0,0,0,70,58,41,0,0,0,0,31,0
"Washington","Clallam",2021,32,28,4,0,0,0,0,57,51,40,1,0,7,0,24,0
"Washington","Clark",2021,31,25,6,0,0,0,0,72,59,33,0,0,0,0,31,0
"Washington","Columbia",2021,59,58,1,0,0,0,0,52,41,35,0,0,43,0,16,0
"Washington","Cowlitz",2021,31,28,3,0,0,0,0,59,39,23,0,0,0,0,31,0
"Washington","Franklin",2021,31,31,0,0,0,0,0,50,34,21,0,0,0,0,31,0
"Washington","Garfield",2021,31,31,0,0,0,0,0,38,35,15,0,0,0,0,31,0
"Washington","Grant",2021,31,30,1,0,0,0,0,51,35,24,0,0,0,0,31,0
"Washington","Grays Harbor",2021,31,31,0,0,0,0,0,49,38,23,0,0,0,0,31,0
"Washington","Jefferson",2021,31,31,0,0,0,0,0,42,32,17,0,0,0,0,31,0
"Washington","King",2021,32,22,10,0,0,0,0,73,63,39,1,4,4,0,23,0
"Washington","Kitsap",2021,31,31,0,0,0,0,0,50,40,23,0,0,0,0,31,0
"Washington","Kittitas",2021,31,24,7,0,0,0,0,82,59,38,0,0,0,0,31,0
"Washington","Lewis",2021,31,27,4,0,0,0,0,55,51,23,0,0,0,0,31,0
"Washington","Mason",2021,31,29,2,0,0,0,0,55,42,25,0,0,0,0,31,0
"Washington","Okanogan",2021,31,4,27,0,0,0,0,98,87,65,0,0,0,0,31,0
"Washington","Pend Oreille",2021,31,29,2,0,0,0,0,55,48,38,0,0,0,0,31,0
"Washington","Pierce",2021,31,22,9,0,0,0,0,83,62,40,0,4,8,0,19,0
"Washington","Skagit",2021,28,28,0,0,0,0,0,48,46,20,0,0,0,0,28,0
"Washington","Snohomish",2021,31,16,14,1,0,0,0,108,74,49,0,0,0,0,31,0
"Washington","Spokane",2021,31,23,8,0,0,0,0,67,55,40,0,0,0,0,31,0
"Washington","Stevens",2021,31,11,20,0,0,0,0,80,68,56,0,0,0,0,27,4
"Washington","Thurston",2021,30,28,2,0,0,0,0,58,48,19,0,0,0,0,30,0
"Washington","Walla Walla",2021,31,30,1,0,0,0,0,54,46,25,0,0,0,0,21,10
"Washington","Whatcom",2021,31,30,1,0,0,0,0,51,38,16,0,0,0,5,26,0
"Washington","Whitman",2021,31,31,0,0,0,0,0,45,28,15,0,0,0,0,31,0
"Washington","Yakima",2021,31,10,21,0,0,0,0,87,72,62,0,0,0,0,31,0
"West Virginia","Berkeley",2021,31,30,1,0,0,0,0,58,47,41,0,0,31,0,0,0
"West Virginia","Brooke",2021,90,88,2,0,0,0,0,81,30,15,0,0,0,45,0,45
"West Virginia","Cabell",2021,31,30,1,0,0,0,0,58,43,37,0,0,31,0,0,0
"West Virginia","Gilmer",2021,59,59,0,0,0,0,0,46,37,29,0,0,59,0,0,0
"West Virginia","Greenbrier",2021,31,31,0,0,0,0,0,50,44,40,0,0,31,0,0,0
"West Virginia","Hancock",2021,90,89,1,0,0,0,0,51,44,10,0,0,24,11,0,55
"West Virginia","Kanawha",2021,91,78,13,0,0,0,0,69,55,38,1,0,46,0,44,0
"West Virginia","Marshall",2021,89,40,49,0,0,0,0,98,71,52,0,0,0,3,86,0
"West Virginia","Mason",2021,59,58,1,0,0,0,0,74,6,1,0,0,0,59,0,0
"West Virginia","Monongalia",2021,89,88,1,0,0,0,0,67,44,3,0,0,30,59,0,0
"West Virginia","Ohio",2021,31,29,2,0,0,0,0,67,44,39,0,0,31,0,0,0
"West Virginia","Tucker",2021,59,59,0,0,0,0,0,45,40,31,0,0,59,0,0,0
"West Virginia","Wood",2021,90,90,0,0,0,0,0,49,40,4,0,0,31,59,0,0
"Wisconsin","Dane",2021,5,4,1,0,0,0,0,55,55,43,0,0,0,0,5,0
"Wisconsin","Dodge",2021,11,8,3,0,0,0,0,75,73,36,0,0,0,0,11,0
"Wisconsin","Milwaukee",2021,10,7,3,0,0,0,0,66,66,42,0,0,0,0,10,0
"Wisconsin","Monroe",2021,16,14,2,0,0,0,0,53,51,18,0,0,0,0,16,0
"Wisconsin","Taylor",2021,59,59,0,0,0,0,0,46,40,31,0,0,59,0,0,0
"Wisconsin","Waukesha",2021,5,4,1,0,0,0,0,53,53,44,0,0,0,0,5,0
"Wyoming","Albany",2021,59,59,0,0,0,0,0,47,45,43,0,0,59,0,0,0
"Wyoming","Campbell",2021,89,89,0,0,0,0,0,44,41,34,0,1,88,0,0,0
"Wyoming","Sublette",2021,90,89,1,0,0,0,0,77,47,43,0,0,90,0,0,0
"Wyoming","Sweetwater",2021,90,83,7,0,0,0,0,83,40,10,0,0,0,0,0,90
"Wyoming","Teton",2021,60,60,0,0,0,0,0,46,43,38,1,0,59,0,0,0
